/*
SQLyog Ultimate v12.09 (64 bit)
MySQL - 5.5.28 : Database - easybuy
*********************************************************************
*/

/*!40101 SET NAMES utf8 */;

/*!40101 SET SQL_MODE=''*/;

/*!40014 SET @OLD_UNIQUE_CHECKS=@@UNIQUE_CHECKS, UNIQUE_CHECKS=0 */;
/*!40014 SET @OLD_FOREIGN_KEY_CHECKS=@@FOREIGN_KEY_CHECKS, FOREIGN_KEY_CHECKS=0 */;
/*!40101 SET @OLD_SQL_MODE=@@SQL_MODE, SQL_MODE='NO_AUTO_VALUE_ON_ZERO' */;
/*!40111 SET @OLD_SQL_NOTES=@@SQL_NOTES, SQL_NOTES=0 */;
CREATE DATABASE /*!32312 IF NOT EXISTS*/`easybuy` /*!40100 DEFAULT CHARACTER SET utf8 */;

USE `easybuy`;

/*Table structure for table `easybuy_news` */

DROP TABLE IF EXISTS `easybuy_news`;

CREATE TABLE `easybuy_news` (
  `id` int(10) NOT NULL AUTO_INCREMENT COMMENT '主键',
  `title` varchar(40) NOT NULL COMMENT '标题',
  `content` varchar(1000) NOT NULL COMMENT '内容',
  `createTime` varchar(10) NOT NULL COMMENT '创建时间',
  PRIMARY KEY (`id`),
  UNIQUE KEY `PK__EASYBUY___C63B5EE724927208` (`id`),
  UNIQUE KEY `UQ__EASYBUY___C12AD09D276EDEB3` (`title`)
) ENGINE=InnoDB AUTO_INCREMENT=704 DEFAULT CHARSET=utf8;

/*Data for the table `easybuy_news` */

insert  into `easybuy_news`(`id`,`title`,`content`,`createTime`) values (531,'会员特惠月开始了','会员特惠月开始了,亲们赶快下单啊,不到剁手誓不罢休啊,不到离婚誓不清空购物车啊。更多优惠，尽在易买网。','2010-12-22'),(597,'迎双旦促销大酬宾','迎双旦促销大酬宾','2010-12-24'),(649,'加入会员，赢千万大礼包','加入会员，赢千万大礼包','2010-12-22'),(650,'新年不夜天，通宵也是开张了','新年不夜天，通宵也是开张了','2011-05-22'),(651,'积分兑换开始了','积分兑换开始了','2010-12-22'),(653,'团购阿迪1折起','团购阿迪1折起','2010-12-22'),(664,'最新酷睿笔记本','IBME系列全场促销中，最新酷睿双核处理器，保证CPU更高效的运转。','2013-08-05'),(675,'aa','012345678901234567890123456789012345678901234567890123456789012345678901234567890123456789012345678901234567890123456789012345678901234567890123456789012345678901234567890123456789012345678901234567890123456789012345678901234567890123456789012345678901234567890123456789012345678901234567890123456789012345678901234567890123456789012345678901234567890123456789012345678901234567890123456789012345678901234567890123456789012345678901234567890123456789012345678901234567890123456789012345678901234567890123456789012345678901234567890123456789012345678901234567890123456789012345678901234567890123456789','2013-08-14'),(676,'ResultR','ResultResultResultResultResu','2016-03-28'),(677,'会员特惠月开始了1','会员特惠月开始了','2010-12-22'),(678,'迎双旦促销大酬宾2','迎双旦促销大酬宾','2010-12-24'),(679,'加入会员，赢千万大礼包3','加入会员，赢千万大礼包','2010-12-22'),(680,'新年不夜天，通宵也是开张了4','新年不夜天，通宵也是开张了','2011-05-22'),(681,'积分兑换开始了5','积分兑换开始了','2010-12-22'),(682,'团购阿迪1折起6','团购阿迪1折起','2010-12-22'),(683,'最新酷睿笔记本7','IBME系列全场促销中，最新酷睿双核处理器，保证CPU更高效的运转。','2013-08-05'),(684,'aa8','012345678901234567890123456789012345678901234567890123456789012345678901234567890123456789012345678901234567890123456789012345678901234567890123456789012345678901234567890123456789012345678901234567890123456789012345678901234567890123456789012345678901234567890123456789012345678901234567890123456789012345678901234567890123456789012345678901234567890123456789012345678901234567890123456789012345678901234567890123456789012345678901234567890123456789012345678901234567890123456789012345678901234567890123456789012345678901234567890123456789012345678901234567890123456789012345678901234567890123456789','2013-08-14'),(685,'ResultR9','ResultResultResultResultResu','2016-03-28'),(686,'会员特惠月开始了11','会员特惠月开始了','2010-12-22'),(687,'迎双旦促销大酬宾21','迎双旦促销大酬宾','2010-12-24'),(688,'加入会员，赢千万大礼包31','加入会员，赢千万大礼包','2010-12-22'),(689,'新年不夜天，通宵也是开张了41','新年不夜天，通宵也是开张了','2011-05-22'),(690,'积分兑换开始了51','积分兑换开始了','2010-12-22'),(691,'团购阿迪1折起61','团购阿迪1折起','2010-12-22'),(692,'最新酷睿笔记本71','IBME系列全场促销中，最新酷睿双核处理器，保证CPU更高效的运转。','2013-08-05'),(693,'aa81','012345678901234567890123456789012345678901234567890123456789012345678901234567890123456789012345678901234567890123456789012345678901234567890123456789012345678901234567890123456789012345678901234567890123456789012345678901234567890123456789012345678901234567890123456789012345678901234567890123456789012345678901234567890123456789012345678901234567890123456789012345678901234567890123456789012345678901234567890123456789012345678901234567890123456789012345678901234567890123456789012345678901234567890123456789012345678901234567890123456789012345678901234567890123456789012345678901234567890123456789','2013-08-14'),(694,'ResultR91','ResultResultResultResultResu','2016-03-28'),(695,'会员特惠月开始了111','会员特惠月开始了','2010-12-22'),(696,'迎双旦促销大酬宾211','迎双旦促销大酬宾','2010-12-24'),(697,'加入会员，赢千万大礼包311','加入会员，赢千万大礼包','2010-12-22'),(698,'新年不夜天，通宵也是开张了411','新年不夜天，通宵也是开张了','2011-05-22'),(699,'积分兑换开始了511','积分兑换开始了','2010-12-22'),(700,'团购阿迪1折起611','团购阿迪1折起','2010-12-22'),(701,'最新酷睿笔记本711','IBME系列全场促销中，最新酷睿双核处理器，保证CPU更高效的运转。','2013-08-05'),(702,'aa811','012345678901234567890123456789012345678901234567890123456789012345678901234567890123456789012345678901234567890123456789012345678901234567890123456789012345678901234567890123456789012345678901234567890123456789012345678901234567890123456789012345678901234567890123456789012345678901234567890123456789012345678901234567890123456789012345678901234567890123456789012345678901234567890123456789012345678901234567890123456789012345678901234567890123456789012345678901234567890123456789012345678901234567890123456789012345678901234567890123456789012345678901234567890123456789012345678901234567890123456789','2013-08-14'),(703,'ResultR911','ResultResultResultResultResu','2016-03-28');

/*Table structure for table `easybuy_order` */

DROP TABLE IF EXISTS `easybuy_order`;

CREATE TABLE `easybuy_order` (
  `id` int(11) NOT NULL AUTO_INCREMENT COMMENT '主键',
  `userId` int(255) DEFAULT NULL COMMENT '用户主键',
  `loginName` varchar(255) DEFAULT NULL,
  `userAddress` varchar(255) DEFAULT NULL COMMENT '用户地址',
  `createTime` datetime DEFAULT NULL COMMENT '创建时间',
  `cost` float DEFAULT NULL COMMENT '总消费',
  `serialNumber` varchar(255) DEFAULT NULL COMMENT '订单号',
  PRIMARY KEY (`id`)
) ENGINE=InnoDB AUTO_INCREMENT=37 DEFAULT CHARSET=utf8;

/*Data for the table `easybuy_order` */

insert  into `easybuy_order`(`id`,`userId`,`loginName`,`userAddress`,`createTime`,`cost`,`serialNumber`) values (1,18,'shangzezhong','北京市花园路小区','2016-06-02 14:51:46',1721,'60B7487F47F9434EAA5FD1D9E22CB06C'),(2,18,'shangzezhong','北京市海淀区成府路','2016-06-02 14:52:49',8596,'8EF5E1557D55413781658A65FC301B8A'),(3,2,'admin','北京市海淀区大有庄','2016-06-03 11:41:09',456,'51718726C1274CC59504AB4E6FD64BA0'),(4,2,'admin','北京市海淀区大有庄','2018-11-08 18:42:55',3485,'B8C5FD31863F4229BBC82A75DFA66389'),(5,2,'admin','岳阳市岳阳楼区','2018-11-08 18:45:07',4594,'A212A1CE17B24F57A4F977E50A8B492D'),(6,2,'admin','Trafalgaro','2018-11-08 18:51:12',1109,'D8E4B03DA5754D688BD5BDE1F300D77E'),(7,20,'szz','光亮的家','2018-11-08 19:27:07',6970,'7E3FFE70F4C34DBC89ECEFF1ED9F6FEB'),(8,20,'szz','光亮的家','2018-11-08 19:30:40',7559,'71ED16E13F8A41E085DC89AB1BB3B210'),(9,20,'zyj','zhnzdwxsfhnm','2018-11-09 19:05:29',589,'A349659F09C94CC48C83EEABDC8A1A23'),(10,20,'zyj','zhnzdwxsfhnm','2018-11-10 10:27:29',3828,'9F7BAAB54CDC4546BF86E391EC5F28E9'),(11,2,'admin','北京市海淀区大有庄','2018-11-22 08:25:17',912,'E8FC7846138849F39D24172E37A1AA7B'),(12,2,'admin','北京市海淀区大有庄','2018-11-22 08:26:51',1368,'026B080E85B54D9A93208BDE67BE4C1A'),(14,21,'jie','在家deBug','2018-11-22 08:36:17',608,'4B7C3044775B432EA476D9A83629477E'),(15,21,'jie','在家deBug','2018-11-22 08:37:29',1064,'5E87E744E38C470F987D964F525B5D48'),(17,2,'admin','Trafalgaro','2018-11-22 08:45:00',608,'6789EBE3FA4242DCBF5D0B8B77B95430'),(18,2,'admin','Trafalgaro','2018-11-22 08:45:47',1368,'08A0EF9110C142DDA6938C802F0155D2'),(19,2,'admin','岳阳市岳阳楼区','2018-11-22 08:56:40',2128,'6EDE7BB2996E4B4A924D7E55234510D8'),(20,2,'admin','Trafalgaro','2018-11-22 08:57:52',2280,'766A6534A4AC4783B53D6691713ACA35'),(24,2,'admin','北京市海淀区大有庄','2018-11-22 09:05:40',304,'AD03F1ABB945470393A7FA67FE549EE4'),(25,2,'admin','北京市海淀区大有庄','2018-11-22 09:48:02',153,'38C5639E4A414E26AC06696096430C93'),(26,2,'admin','北京市海淀区大有庄','2018-11-22 09:48:51',305,'84C0AC7B283F43358BD2E8ACA16A2E61'),(28,2,'admin','北京市海淀区大有庄','2018-11-22 10:10:20',304,'06811441FB614B0CB0780360F90E0BB9'),(29,2,'admin','北京市海淀区大有庄','2018-11-22 10:12:36',304,'3C8138EFE8AB428D95AEEAF7C2689C9B'),(32,2,'admin','北京市海淀区大有庄','2018-11-22 10:48:57',304,'BF9E13CEA1904D299CEB0411EA4AEF5D'),(33,2,'admin','北京市海淀区大有庄','2018-11-23 09:15:19',9204,'C41C25CC47884381BA1F3A5556B8EC91'),(34,2,'admin','岳阳市岳阳楼区','2018-11-23 16:10:19',152,'DA3D446EFBE343BE9099DA6987C0B776'),(35,2,'admin','UI与一','2018-11-24 08:28:01',1264,'F3948BDDEA3B4840AC4D13C0121D76A6'),(36,2,'admin','岳阳市岳阳楼区','2018-11-26 09:36:55',859,'1634635631C14181BC3DE48183CA602D');

/*Table structure for table `easybuy_order_detail` */

DROP TABLE IF EXISTS `easybuy_order_detail`;

CREATE TABLE `easybuy_order_detail` (
  `id` int(10) NOT NULL AUTO_INCREMENT COMMENT '主键',
  `orderId` int(10) NOT NULL COMMENT '订单主键',
  `productId` int(10) NOT NULL COMMENT '商品主键',
  `quantity` int(10) NOT NULL COMMENT '数量',
  `cost` float NOT NULL COMMENT '消费',
  PRIMARY KEY (`id`),
  UNIQUE KEY `PK__EASYBUY___66E1BD8E2F10007B` (`id`)
) ENGINE=InnoDB AUTO_INCREMENT=57 DEFAULT CHARSET=utf8;

/*Data for the table `easybuy_order_detail` */

insert  into `easybuy_order_detail`(`id`,`orderId`,`productId`,`quantity`,`cost`) values (1,1,733,5,760),(2,1,734,4,608),(3,1,735,1,152),(4,1,738,1,45),(5,1,739,1,156),(6,2,755,1,8596),(7,3,733,1,152),(8,3,734,1,152),(9,3,735,1,152),(10,4,753,2,1718),(11,4,752,3,1767),(12,5,753,2,1718),(13,5,752,3,1767),(14,5,743,1,589),(15,5,748,1,520),(16,6,743,1,589),(17,6,748,1,520),(18,7,752,5,589),(19,7,753,4,2577),(20,7,743,1,589),(21,8,752,5,589),(22,8,753,4,2577),(23,8,743,2,589),(24,9,743,1,589),(25,10,761,1,963),(26,10,762,4,2276),(27,10,743,1,589),(28,11,774,1,9.9),(29,11,733,6,912),(30,12,733,3,456),(32,14,733,4,608),(33,15,733,3,456),(35,17,733,4,152),(36,18,733,5,152),(37,19,733,5,304),(38,20,733,1,152),(42,24,733,2,152),(43,25,775,1,1),(44,25,733,1,152),(45,26,733,1,152),(47,28,733,2,152),(48,29,733,2,152),(51,32,733,2,152),(52,33,734,4,152),(53,33,755,1,8596),(54,34,734,1,152),(55,35,742,8,1264),(56,36,753,1,859);

/*Table structure for table `easybuy_product` */

DROP TABLE IF EXISTS `easybuy_product`;

CREATE TABLE `easybuy_product` (
  `id` int(10) NOT NULL AUTO_INCREMENT COMMENT '主键',
  `name` varchar(20) NOT NULL COMMENT '名称',
  `description` varchar(1024) DEFAULT NULL COMMENT '描述',
  `price` float NOT NULL COMMENT '价格',
  `stock` int(10) NOT NULL COMMENT '库存',
  `categoryLevel1Id` int(10) DEFAULT NULL COMMENT '分类1',
  `categoryLevel2Id` int(10) DEFAULT NULL COMMENT '分类2',
  `categoryLevel3Id` int(10) DEFAULT NULL COMMENT '分类3',
  `fileName` varchar(200) DEFAULT NULL COMMENT '文件名称',
  `isDelete` int(1) DEFAULT '0' COMMENT '是否删除(1：删除 0：未删除)',
  PRIMARY KEY (`id`),
  UNIQUE KEY `PK__EASYBUY___94F6E55132E0915F` (`id`)
) ENGINE=InnoDB AUTO_INCREMENT=780 DEFAULT CHARSET=utf8;

/*Data for the table `easybuy_product` */

insert  into `easybuy_product`(`id`,`name`,`description`,`price`,`stock`,`categoryLevel1Id`,`categoryLevel2Id`,`categoryLevel3Id`,`fileName`,`isDelete`) values (734,'洗面奶','',152,993,548,654,655,'D6C9BD438C5643D6B1A6C52E5426FE22.jpg',0),(735,'啫喱水','',152,998,548,654,655,'1A836D2B3A3348DDAB19807E6CEA8028.jpg',0),(737,'香水','',152,111,548,654,655,'A9924F9DB68B4DF99FDBF05902075AF0.jpg',0),(738,'润肤露','',45,109,548,654,655,'3B059EDB5237407980458CE9EA9D3204.jpg',0),(739,'洁面装','',156,99,548,654,655,'A62C6DF55116440CA3DE9DB37901ED4F.jpg',0),(740,'电饭锅','',158,100,628,656,659,'40C3B76BA31246618E3CFC8723D33517.jpg',0),(741,'婴儿喂奶装','',569,100,632,637,653,'401004B3D47C4C6FB1BC5EF19C21FC77.jpg',0),(742,'坚果套餐','',158,999,660,661,662,'E03D74145A034F6D909879829CB99D80.jpg',0),(743,'超甜蜜崭','',589,1000,660,661,663,'7121E55099FC477680B1229205CE3D29.jpg',0),(744,'华为2566','',589,1000,670,671,672,'F24B4140A2284B3788A38F3B5AD1809A.jpg',0),(745,'荣耀3C','',589,100,670,671,672,'F3921E12552A4D0AA3F75467B146A959.jpg',0),(746,'小米手环','',963,100,670,674,675,'72F75A371B0B4C26A7F72FAAEF96FC68.jpg',0),(747,'华为2265','',896,1000,670,671,673,'161F355A8A8549BA8F7F4CE3B4F07E40.jpg',0),(748,'越南坚果','',520,1000,660,661,662,'CBC98D3C9E544830821632F5C313D93E.jpg',0),(749,'日本进口马桶','',5866,100,628,657,0,'A5AF40825E6940B2A59A040100E181A8.jpg',0),(750,'联想Y系列','',569,1000,670,690,691,'956DB0BEC41B41B8A06C05C950130E23.jpg',0),(751,'脑白金1号','',589,1000,676,677,680,'66E96AF9E9714A5C9EA901811173D662.jpg',0),(752,'莫里斯按','',589,1000,676,678,0,'A7436BC607E74C81B392DCFE69D4AEAB.jpg',0),(753,'三鹿好奶粉','',859,99,676,679,0,'3C465E7B8A324A8DA2A2EEE202E36166.jpg',0),(754,'儿童牛奶','',5896,100,676,679,0,'D1AC9AE71ED348FA8D880FD4279D3422.jpg',0),(755,'软沙发','',8596,98,628,696,0,'ED7921DE40FC47E18365754709A21194.jpg',0),(756,'收纳盒','',5966,100,628,696,0,'DB86CA25CA4F4B4AA906F46BE542C6A6.jpg',0),(758,'红短沙发','',596,123,628,696,0,'BD5C77465DC2466BBCE7F95FB9764392.jpg',0),(759,'新西兰奶粉','',5896,100,676,679,0,'9ED375098D42497B8FC33167E06D0EE8.jpg',0),(760,'婴儿车','',11000,100,681,682,687,'1DBC0930641D43C29D74A9E1B40FEEBB.jpg',0),(761,'夏款婴儿车','',963,100,681,682,688,'16290C4DBEAC4F00A636667019621468.jpg',0),(762,'抗压旅行箱','',569,1000,681,683,685,'272CC434BE7A4469AB0E7882BD1A85FF.jpg',0),(763,'透明手提箱','',8596,1000,681,683,684,'EAA8E66259BF4239B4A2237B62520EF1.jpg',0),(764,'婴儿果粉','',5896,1000,660,661,662,'08BE30BF7B5F4930B0093D8CC4056057.jpg',0),(765,'椰子粉','',5963,1000,660,661,662,'9C006B8BD1AD45398F474A8471ADC50B.jpg',0),(766,'坚果蛋糕','',200,100,660,661,663,'2E5A16E21E0640E0BAE03E9B995DCD28.jpg',0),(767,'编制手提箱','',5896,1000,681,682,688,'2E1D2A5E65A94FEEA17C72E47C530057.jpg',0),(768,'纸箱','',5896,100,681,682,687,'443E5A4122064209AFE89250179A2FF0.jpg',0),(769,'健胃液','',152,1000,676,679,0,'30B5547CD7384DAA8A2F4F4D8C0BBF89.jpg',0),(770,'联想NTC','',8596,100,670,671,673,'48BC371A85A548B7A7589E3F542D911D.jpg',0),(775,'舒服舒服','123',1,1,697,698,699,'3B059EDB5237407980458CE9EA9D3204.jpg',0),(776,'xhr','',1,1,628,656,-1,'401004B3D47C4C6FB1BC5EF19C21FC77.jpg',0),(778,'大货车来咯','放开不在拖欠',100,100,548,654,655,'b2.png',0),(779,'2325','2',3,2,548,654,655,'b_6.gif',0);

/*Table structure for table `easybuy_product_category` */

DROP TABLE IF EXISTS `easybuy_product_category`;

CREATE TABLE `easybuy_product_category` (
  `id` int(10) NOT NULL AUTO_INCREMENT COMMENT '主键',
  `name` varchar(20) NOT NULL COMMENT '名称',
  `parentId` int(10) NOT NULL COMMENT '父级目录id',
  `type` int(11) DEFAULT NULL COMMENT '级别(1:一级 2：二级 3：三级)',
  `iconClass` varchar(255) DEFAULT NULL COMMENT '图标',
  PRIMARY KEY (`id`),
  UNIQUE KEY `PK__EASYBUY___9EC2A4E236B12243` (`id`)
) ENGINE=InnoDB AUTO_INCREMENT=711 DEFAULT CHARSET=utf8;

/*Data for the table `easybuy_product_category` */

insert  into `easybuy_product_category`(`id`,`name`,`parentId`,`type`,`iconClass`) values (548,'化妆品',0,1,''),(628,'家用商品',0,1,''),(654,'面部护理',548,2,''),(655,'少女派',654,3,''),(656,'餐具',628,2,''),(658,'叉子1',678,3,NULL),(659,'锅1',656,3,NULL),(660,'进口食品,生鲜',0,1,''),(661,'零食/糖果/巧克力',660,2,''),(662,'坚果',661,3,''),(670,'电子商品',0,1,''),(671,'手机',670,2,''),(672,'华为手机',671,3,''),(674,'手环',670,2,''),(675,'小米手环53',696,3,NULL),(676,'保健食品',0,1,''),(677,'老年保健品',676,2,''),(678,'中年营养品',676,2,''),(679,'儿童保健品',676,2,''),(680,'脑白金',677,3,''),(681,'箱包',0,1,''),(682,'旅行箱',681,2,''),(683,'手提箱',681,2,''),(684,'大型',683,3,''),(685,'小型',683,3,''),(686,'中型',683,3,''),(687,'大型',682,3,''),(688,'中型',682,3,''),(689,'小型',682,3,''),(690,'电脑',670,2,''),(691,'联想电脑',690,3,''),(692,'刀叉',656,3,NULL),(693,'碗筷',656,3,NULL),(696,'客厅专用',628,2,''),(697,'jie',0,1,NULL),(698,'杰哥好像有点帅耶',697,2,NULL),(699,'哇，快看快看，那个是杰哥耶',698,3,NULL),(704,'杰哥，我是你的小迷妹！',696,3,NULL),(708,'hahaha~',698,3,NULL),(710,'567个',661,3,NULL);

/*Table structure for table `easybuy_user` */

DROP TABLE IF EXISTS `easybuy_user`;

CREATE TABLE `easybuy_user` (
  `id` int(20) NOT NULL AUTO_INCREMENT COMMENT '主键',
  `loginName` varchar(255) NOT NULL COMMENT '登录名',
  `userName` varchar(255) NOT NULL COMMENT '用户名',
  `password` varchar(255) NOT NULL COMMENT '密码',
  `sex` int(2) NOT NULL DEFAULT '1' COMMENT '性别(1:男 0：女)',
  `identityCode` varchar(60) DEFAULT NULL COMMENT '身份证号',
  `email` varchar(80) DEFAULT NULL COMMENT '邮箱',
  `mobile` varchar(11) DEFAULT NULL COMMENT '手机',
  `type` int(2) DEFAULT '0' COMMENT '类型（1：后台 0:前台）',
  PRIMARY KEY (`id`),
  UNIQUE KEY `PK__EASYBUY___C96109CC3A81B327` (`loginName`)
) ENGINE=InnoDB AUTO_INCREMENT=26 DEFAULT CHARSET=utf8;

/*Data for the table `easybuy_user` */

insert  into `easybuy_user`(`id`,`loginName`,`userName`,`password`,`sex`,`identityCode`,`email`,`mobile`,`type`) values (2,'admin','系统管理员','e10adc3949ba59abbe56e057f20f883e',1,'130406198302141869','hello11@bdqn.com','1583233515',1),(10,'cgn','程广宁','e10adc3949ba59abbe56e057f20f883e',1,'140225189987854589','1044732267@qq.com','13366055011',0),(11,'hyl','韩语良','e10adc3949ba59abbe56e057f20f883e',1,'140225198874584539','1044732267@qq.com','13366055010',0),(12,'ck','陈康','e10adc3949ba59abbe56e057f20f883e',1,'140225189987854589','1044732267@qq.com','13366055010',0),(13,'kys','康有沈','e10adc3949ba59abbe56e057f20f883e',1,'1402251985512541525','1044732267@qq.com','13366055010',0),(16,'lgw','李高伟','e10adc3949ba59abbe56e057f20f883e',1,'140225189987854589','1011322658@qq.com','1336998554',0),(18,'shangzezhong','尚泽忠','4297f44b13955235245b2497399d7a93',1,'140225198810013745','1044888844@qq.com','13366528458',0),(19,'liguangliang','李光亮','25f9e794323b453885f5181f1b624d0b',1,'140225198841547785','1047777@qq.com','13366055048',0),(20,'zyj','朱元杰','e10adc3949ba59abbe56e057f20f883e',1,'140225198810013748','1044732267@qq.com','13366555010',0),(21,'jie','你好jie','202cb962ac59075b964b07152d234b70',0,'123456789632587412','54654@qq.com','15236523652',1),(22,'xc','许超','202cb962ac59075b964b07152d234b70',0,'231224551236521423','1044732267@qq.com','15236523652',0),(23,'fzh','扶正化','202cb962ac59075b964b07152d234b70',0,'231224551236521423','214@qq.com','15236523652',0),(24,'sao','骚哥','202cb962ac59075b964b07152d234b70',0,'231224551236521423','214@qq.com','15236523652',0),(25,'yyp21678','yyp','202cb962ac59075b964b07152d234b70',1,'231224551236521423','1044732267@qq.com','15236523652',0);

/*Table structure for table `easybuy_user_address` */

DROP TABLE IF EXISTS `easybuy_user_address`;

CREATE TABLE `easybuy_user_address` (
  `id` int(20) NOT NULL AUTO_INCREMENT COMMENT '主键id',
  `userId` int(255) DEFAULT NULL COMMENT '用户主键',
  `address` varchar(255) DEFAULT NULL COMMENT '地址',
  `createTime` datetime DEFAULT NULL COMMENT '创建时间',
  `isDefault` int(2) DEFAULT '0' COMMENT '是否是默认地址（1:是 0否）',
  `remark` varchar(255) DEFAULT NULL COMMENT '备注',
  PRIMARY KEY (`id`)
) ENGINE=InnoDB AUTO_INCREMENT=22 DEFAULT CHARSET=utf8;

/*Data for the table `easybuy_user_address` */

insert  into `easybuy_user_address`(`id`,`userId`,`address`,`createTime`,`isDefault`,`remark`) values (11,2,'北京市海淀区大有庄',NULL,0,'朋友家'),(12,2,'北京市海淀区大有庄',NULL,0,'女朋友公司'),(13,9,'北京市西直门大桥芬兰国际大厦',NULL,0,'女朋友地址'),(14,18,'北京市花园路小区',NULL,0,'家里'),(15,18,'北京市海淀区成府路',NULL,0,'公司'),(16,2,'岳阳市岳阳楼区','2018-11-08 15:31:12',0,'洞庭湖'),(17,2,'Trafalgaro','2018-11-08 18:51:12',0,'特拉法尔加罗'),(18,20,'光亮的家','2018-11-08 19:27:07',0,'拉过来'),(19,20,'zhnzdwxsfhnm','2018-11-09 19:05:29',0,'我的朋友'),(20,21,'在家deBug','2018-11-22 08:36:17',0,'NoBug'),(21,2,'UI与一','2018-11-24 08:28:01',0,'UI一一');

/*!40101 SET SQL_MODE=@OLD_SQL_MODE */;
/*!40014 SET FOREIGN_KEY_CHECKS=@OLD_FOREIGN_KEY_CHECKS */;
/*!40014 SET UNIQUE_CHECKS=@OLD_UNIQUE_CHECKS */;
/*!40111 SET SQL_NOTES=@OLD_SQL_NOTES */;
